# Custom 4MB partition table for EasyFSK-PLUS32, sized per the design doc's
# "Flash size target: 4MB confirmed sufficient" decision: two ~1.9MB
# OTA-capable app slots plus a small LittleFS partition for /config.json,
# used from day one even before OTA itself is implemented (the flash is
# there either way). Totals exactly 0x400000 (4MB); 16MB-revision boards
# use the same table with the rest of their flash simply unused.
#
# Name,     Type, SubType, Offset,   Size,     Flags
nvs,        data, nvs,     0x9000,   0x5000,
otadata,    data, ota,     0xe000,   0x2000,
app0,       app,  ota_0,   0x10000,  0x1E0000,
app1,       app,  ota_1,   0x1F0000, 0x1E0000,
littlefs,   data, spiffs,  0x3D0000, 0x30000,
